date,resting_heart_rate_bpm,hrv_ms,day_strain
2025-08-01,60,72,10.2
2025-08-02,61,75,11.1
2025-08-03,59,80,9.8
2025-08-04,96,22,18.0
2025-08-05,62,78,10.5
2025-08-06,61,76,11.0
2025-08-07,60,74,10.0
2025-08-08,59,73,9.5
2025-08-09,61,77,10.3
2025-08-10,60,79,10.7
