date,sleep_efficiency_pct,asleep_min,sleep_debt_min
2025-08-01,94,440,20
2025-08-02,93,430,15
2025-08-03,95,450,10
2025-08-04,72,240,120
2025-08-05,92,425,25
2025-08-06,93,435,20
2025-08-07,94,445,15
2025-08-08,95,455,10
2025-08-09,93,440,15
2025-08-10,94,448,10
